index_step1,index_step2,index_step3,overall_score,50_Avg_F-Score,100_Avg_F-Score,150_Avg_F-Score,200_Avg_F-Score,250_Avg_F-Score,300_Avg_F-Score,350_Avg_F-Score,400_Avg_F-Score,450_Avg_F-Score,500_Avg_F-Score,50_Avg_Precision,100_Avg_Precision,150_Avg_Precision,200_Avg_Precision,250_Avg_Precision,300_Avg_Precision,350_Avg_Precision,400_Avg_Precision,450_Avg_Precision,500_Avg_Precision,50_Avg_Recall,100_Avg_Recall,150_Avg_Recall,200_Avg_Recall,250_Avg_Recall,300_Avg_Recall,350_Avg_Recall,400_Avg_Recall,450_Avg_Recall,500_Avg_Recall
6,2,51,0.29821121428571423,0.12366142857142859,0.2051678571428571,0.2664907142857143,0.3016585714285714,0.331155,0.34230714285714287,0.34927714285714284,0.3529121428571429,0.35572214285714276,0.35375999999999996,0.38002714285714284,0.3765421428571429,0.3740864285714286,0.3556850000000001,0.34657857142857135,0.3283835714285714,0.31277785714285716,0.29936,0.2884135714285714,0.27622571428571435,0.07490142857142858,0.1441235714285714,0.21246285714285715,0.27006,0.3279,0.37056428571428573,0.4106857142857144,0.44674,0.4830342857142857,0.5116828571428572
