index_step1,index_step2,index_step3,overall_score,50_Avg_F-Score,100_Avg_F-Score,150_Avg_F-Score,200_Avg_F-Score,250_Avg_F-Score,300_Avg_F-Score,350_Avg_F-Score,400_Avg_F-Score,450_Avg_F-Score,500_Avg_F-Score,50_Avg_Precision,100_Avg_Precision,150_Avg_Precision,200_Avg_Precision,250_Avg_Precision,300_Avg_Precision,350_Avg_Precision,400_Avg_Precision,450_Avg_Precision,500_Avg_Precision,50_Avg_Recall,100_Avg_Recall,150_Avg_Recall,200_Avg_Recall,250_Avg_Recall,300_Avg_Recall,350_Avg_Recall,400_Avg_Recall,450_Avg_Recall,500_Avg_Recall
6,2,51,0.3229075,0.139308,0.23258450000000003,0.29060050000000004,0.3315765,0.359633,0.3727115,0.3795995,0.3795505,0.37480149999999995,0.3687094999999999,0.47300000000000014,0.45450000000000007,0.43,0.41050000000000003,0.39319999999999994,0.3711665,0.35142850000000003,0.33175,0.3124459999999999,0.29510000000000003,0.08241,0.1586645,0.22394949999999997,0.28463099999999997,0.339932,0.38469149999999996,0.42489800000000005,0.4573285,0.48360249999999994,0.5082734999999999
