index_step1,index_step2,index_step3,overall_score,50_Avg_F-Score,100_Avg_F-Score,150_Avg_F-Score,200_Avg_F-Score,250_Avg_F-Score,300_Avg_F-Score,350_Avg_F-Score,400_Avg_F-Score,450_Avg_F-Score,500_Avg_F-Score,50_Avg_Precision,100_Avg_Precision,150_Avg_Precision,200_Avg_Precision,250_Avg_Precision,300_Avg_Precision,350_Avg_Precision,400_Avg_Precision,450_Avg_Precision,500_Avg_Precision,50_Avg_Recall,100_Avg_Recall,150_Avg_Recall,200_Avg_Recall,250_Avg_Recall,300_Avg_Recall,350_Avg_Recall,400_Avg_Recall,450_Avg_Recall,500_Avg_Recall
6,3,68,0.31435285,0.13823950000000002,0.2224475,0.2829880000000001,0.3255449999999999,0.34914750000000006,0.3603015,0.3682865,0.3700475,0.36619050000000003,0.36033499999999996,0.473,0.43899999999999995,0.41933299999999996,0.40225,0.381,0.3586675,0.3409995,0.32349999999999995,0.30522250000000006,0.2886,0.081649,0.151172,0.21782949999999998,0.2798495,0.33066249999999997,0.37227,0.41246499999999997,0.44595250000000003,0.47283100000000006,0.4961155
