index_step1,index_step2,index_step3,overall_score,50_Avg_F-Score,100_Avg_F-Score,150_Avg_F-Score,200_Avg_F-Score,250_Avg_F-Score,300_Avg_F-Score,350_Avg_F-Score,400_Avg_F-Score,450_Avg_F-Score,500_Avg_F-Score,50_Avg_Precision,100_Avg_Precision,150_Avg_Precision,200_Avg_Precision,250_Avg_Precision,300_Avg_Precision,350_Avg_Precision,400_Avg_Precision,450_Avg_Precision,500_Avg_Precision,50_Avg_Recall,100_Avg_Recall,150_Avg_Recall,200_Avg_Recall,250_Avg_Recall,300_Avg_Recall,350_Avg_Recall,400_Avg_Recall,450_Avg_Recall,500_Avg_Recall
6,3,68,0.2942865714285714,0.12221285714285714,0.20315357142857143,0.25923285714285715,0.29771642857142855,0.3240735714285714,0.34027785714285713,0.3463571428571428,0.3465,0.35212714285714286,0.3512142857142857,0.37381428571428577,0.37109000000000003,0.363685,0.35112000000000004,0.3391085714285715,0.3267257142857143,0.31022285714285713,0.29403142857142855,0.2856128571428571,0.27416071428571426,0.07410642857142857,0.14286071428571429,0.2069514285714286,0.26613500000000007,0.3208128571428572,0.36778142857142854,0.4068185714285715,0.4381171428571428,0.4773071428571428,0.5077042857142856
