index_step1,index_step2,index_step3,overall_score,50_Avg_F-Score,100_Avg_F-Score,150_Avg_F-Score,200_Avg_F-Score,250_Avg_F-Score,300_Avg_F-Score,350_Avg_F-Score,400_Avg_F-Score,450_Avg_F-Score,500_Avg_F-Score,50_Avg_Precision,100_Avg_Precision,150_Avg_Precision,200_Avg_Precision,250_Avg_Precision,300_Avg_Precision,350_Avg_Precision,400_Avg_Precision,450_Avg_Precision,500_Avg_Precision,50_Avg_Recall,100_Avg_Recall,150_Avg_Recall,200_Avg_Recall,250_Avg_Recall,300_Avg_Recall,350_Avg_Recall,400_Avg_Recall,450_Avg_Recall,500_Avg_Recall
6,3,68,0.2942865714285714,0.12221285714285714,0.20315357142857143,0.25923285714285715,0.29771642857142855,0.3240735714285714,0.34027785714285713,0.3463571428571428,0.3465,0.35212714285714286,0.3512142857142857,0.37381428571428577,0.37109000000000003,0.363685,0.35112000000000004,0.3391085714285715,0.3267257142857143,0.31022285714285713,0.29403142857142855,0.2856128571428571,0.27416071428571426,0.07410642857142857,0.14286071428571429,0.2069514285714286,0.26613500000000007,0.3208128571428572,0.36778142857142854,0.4068185714285715,0.4381171428571428,0.4773071428571428,0.5077042857142856
6,3,68,0.28579600000000005,0.11473714285714286,0.19246285714285713,0.24864142857142854,0.28747357142857144,0.31677071428571424,0.3319028571428571,0.33602928571428575,0.3397200000000001,0.34455785714285714,0.34566428571428565,0.35454714285714284,0.3502778571428572,0.3472385714285715,0.33815928571428566,0.3304507142857143,0.3173614285714285,0.2997635714285714,0.28696000000000005,0.27822285714285716,0.2688792857142857,0.06946500000000001,0.1355957142857143,0.19896642857142854,0.25764928571428575,0.3145057142857143,0.36014214285714286,0.3963392857142857,0.43212071428571425,0.4699771428571428,0.5025414285714286
