index_step1,index_step2,index_step3,overall_score,50_Avg_F-Score,100_Avg_F-Score,150_Avg_F-Score,200_Avg_F-Score,250_Avg_F-Score,300_Avg_F-Score,350_Avg_F-Score,400_Avg_F-Score,450_Avg_F-Score,500_Avg_F-Score,50_Avg_Precision,100_Avg_Precision,150_Avg_Precision,200_Avg_Precision,250_Avg_Precision,300_Avg_Precision,350_Avg_Precision,400_Avg_Precision,450_Avg_Precision,500_Avg_Precision,50_Avg_Recall,100_Avg_Recall,150_Avg_Recall,200_Avg_Recall,250_Avg_Recall,300_Avg_Recall,350_Avg_Recall,400_Avg_Recall,450_Avg_Recall,500_Avg_Recall
3,0,94,0.31955619999999996,0.137819,0.233825,0.29450149999999997,0.331898,0.3567545,0.36880499999999994,0.37231400000000003,0.37068399999999996,0.36699000000000004,0.361971,0.47300000000000003,0.4575,0.434668,0.409,0.38820000000000005,0.366833,0.344714,0.32375,0.3056819999999999,0.2910400000000001,0.08138599999999999,0.15957349999999998,0.22727400000000003,0.2861105,0.338989,0.3814835,0.41720000000000007,0.44776999999999995,0.474444,0.49289249999999996
