index_step1,index_step2,index_step3,overall_score,50_Avg_F-Score,100_Avg_F-Score,150_Avg_F-Score,200_Avg_F-Score,250_Avg_F-Score,300_Avg_F-Score,350_Avg_F-Score,400_Avg_F-Score,450_Avg_F-Score,500_Avg_F-Score,50_Avg_Precision,100_Avg_Precision,150_Avg_Precision,200_Avg_Precision,250_Avg_Precision,300_Avg_Precision,350_Avg_Precision,400_Avg_Precision,450_Avg_Precision,500_Avg_Precision,50_Avg_Recall,100_Avg_Recall,150_Avg_Recall,200_Avg_Recall,250_Avg_Recall,300_Avg_Recall,350_Avg_Recall,400_Avg_Recall,450_Avg_Recall,500_Avg_Recall
3,0,94,0.3010736428571429,0.12259142857142859,0.20996928571428572,0.27464,0.3079664285714286,0.332525,0.34576500000000004,0.3536457142857143,0.3564892857142857,0.354545,0.35259928571428567,0.3850414285714286,0.38626785714285716,0.38478285714285715,0.3645521428571428,0.34947071428571425,0.3317778571428572,0.3171478571428571,0.3022507142857143,0.2875635714285714,0.27578571428571425,0.07384571428571429,0.14713214285714285,0.2189407142857143,0.27426500000000004,0.3274642857142857,0.37358214285714286,0.4146414285714286,0.4513142857142857,0.4785121428571429,0.5047721428571428
