index_step1,index_step2,index_step3,overall_score,50_Avg_F-Score,100_Avg_F-Score,150_Avg_F-Score,200_Avg_F-Score,250_Avg_F-Score,300_Avg_F-Score,350_Avg_F-Score,400_Avg_F-Score,450_Avg_F-Score,500_Avg_F-Score,50_Avg_Precision,100_Avg_Precision,150_Avg_Precision,200_Avg_Precision,250_Avg_Precision,300_Avg_Precision,350_Avg_Precision,400_Avg_Precision,450_Avg_Precision,500_Avg_Precision,50_Avg_Recall,100_Avg_Recall,150_Avg_Recall,200_Avg_Recall,250_Avg_Recall,300_Avg_Recall,350_Avg_Recall,400_Avg_Recall,450_Avg_Recall,500_Avg_Recall
6,13,152,0.3166536,0.137153,0.23124799999999998,0.28747750000000005,0.3257605,0.3514225,0.36265249999999993,0.371649,0.37221099999999996,0.3671425,0.35981950000000007,0.46699999999999997,0.4495,0.42466599999999993,0.40199999999999997,0.3834000000000001,0.36066649999999995,0.3438574999999999,0.3249999999999999,0.30588800000000005,0.28800000000000003,0.08107199999999999,0.158108,0.22163650000000001,0.280419,0.33302600000000004,0.375321,0.4169315,0.449788,0.4747935000000001,0.4964265
