index_step1,index_step2,index_step3,overall_score,50_Avg_F-Score,100_Avg_F-Score,150_Avg_F-Score,200_Avg_F-Score,250_Avg_F-Score,300_Avg_F-Score,350_Avg_F-Score,400_Avg_F-Score,450_Avg_F-Score,500_Avg_F-Score,50_Avg_Precision,100_Avg_Precision,150_Avg_Precision,200_Avg_Precision,250_Avg_Precision,300_Avg_Precision,350_Avg_Precision,400_Avg_Precision,450_Avg_Precision,500_Avg_Precision,50_Avg_Recall,100_Avg_Recall,150_Avg_Recall,200_Avg_Recall,250_Avg_Recall,300_Avg_Recall,350_Avg_Recall,400_Avg_Recall,450_Avg_Recall,500_Avg_Recall
3,0,94,0.3010736428571429,0.12259142857142859,0.20996928571428572,0.27464,0.3079664285714286,0.332525,0.34576500000000004,0.3536457142857143,0.3564892857142857,0.354545,0.35259928571428567,0.3850414285714286,0.38626785714285716,0.38478285714285715,0.3645521428571428,0.34947071428571425,0.3317778571428572,0.3171478571428571,0.3022507142857143,0.2875635714285714,0.27578571428571425,0.07384571428571429,0.14713214285714285,0.2189407142857143,0.27426500000000004,0.3274642857142857,0.37358214285714286,0.4146414285714286,0.4513142857142857,0.4785121428571429,0.5047721428571428
3,0,94,0.3000295714285714,0.12444571428571428,0.20307500000000003,0.2687164285714286,0.30930785714285713,0.3261242857142857,0.34671714285714283,0.3547521428571429,0.35459928571428573,0.3571042857142857,0.3554535714285714,0.3885964285714286,0.36584857142857147,0.37111857142857146,0.3606742857142858,0.3388085714285714,0.33010071428571436,0.31605428571428573,0.30208285714285715,0.29743142857142857,0.29416000000000003,0.07502571428571429,0.1437392857142857,0.21610785714285716,0.27867214285714287,0.3244535714285714,0.37736785714285714,0.41819071428571425,0.44296857142857143,0.4617949999999999,0.4667299999999999
3,0,94,0.29588285714285717,0.13152571428571427,0.20713714285714285,0.2642692857142857,0.29643142857142857,0.31633857142857147,0.3317642857142858,0.34545857142857145,0.3547099999999999,0.35533071428571433,0.3558628571428571,0.4182978571428571,0.3818671428571429,0.3708928571428572,0.3505528571428571,0.3316292857142856,0.3192842857142857,0.3103971428571429,0.3013571428571429,0.28899214285714286,0.2788471428571428,0.07894785714285714,0.14495,0.2107164285714286,0.26434785714285713,0.3125628571428572,0.3573292857142857,0.40368142857142864,0.4469085714285714,0.4766700000000001,0.5071814285714286
