index_step1,index_step2,index_step3,overall_score,50_Avg_F-Score,100_Avg_F-Score,150_Avg_F-Score,200_Avg_F-Score,250_Avg_F-Score,300_Avg_F-Score,350_Avg_F-Score,400_Avg_F-Score,450_Avg_F-Score,500_Avg_F-Score,50_Avg_Precision,100_Avg_Precision,150_Avg_Precision,200_Avg_Precision,250_Avg_Precision,300_Avg_Precision,350_Avg_Precision,400_Avg_Precision,450_Avg_Precision,500_Avg_Precision,50_Avg_Recall,100_Avg_Recall,150_Avg_Recall,200_Avg_Recall,250_Avg_Recall,300_Avg_Recall,350_Avg_Recall,400_Avg_Recall,450_Avg_Recall,500_Avg_Recall
6,13,152,0.30312314285714287,0.12397857142857141,0.20713,0.2694735714285714,0.3070171428571428,0.33378214285714286,0.35166857142857133,0.35963000000000006,0.3601978571428571,0.3605328571428571,0.35782071428571427,0.38209999999999994,0.3776771428571429,0.3768564285714286,0.3624842857142857,0.3501178571428571,0.33757642857142856,0.3223642857142857,0.305815,0.29222785714285715,0.2792121428571429,0.07501714285714287,0.14572,0.21507928571428572,0.27429214285714293,0.3292178571428572,0.3796992857142857,0.42154285714285716,0.45471,0.4893285714285714,0.5172085714285714
6,13,152,0.2902376428571429,0.11897785714285715,0.20164357142857142,0.25451999999999997,0.29468500000000003,0.3216121428571429,0.33513999999999994,0.3401407142857143,0.3434557142857143,0.347335,0.34486642857142863,0.37181642857142855,0.36888000000000004,0.3558271428571428,0.34847642857142863,0.3369785714285714,0.3220771428571428,0.3053842857142857,0.29144571428571425,0.2816457142857142,0.2689914285714286,0.07175714285714285,0.14177714285714285,0.2036271428571428,0.2631585714285714,0.3180028571428571,0.36198500000000006,0.3982857142857143,0.43441785714285713,0.4713435714285715,0.49874928571428573
6,13,152,0.2947308571428572,0.11755285714285715,0.20010214285714287,0.25771357142857143,0.2907871428571429,0.3169042857142857,0.3346557142857143,0.3505407142857143,0.3597457142857143,0.3630107142857142,0.3562957142857143,0.37753928571428574,0.3711992857142857,0.36322,0.3465628571428571,0.33446,0.3230507142857143,0.3150192857142858,0.3058878571428571,0.29455857142857145,0.2784985714285714,0.07045571428571427,0.1395792857142857,0.20473357142857146,0.2579492857142857,0.3106714285714286,0.35920857142857143,0.40958928571428566,0.4532435714285715,0.4915071428571429,0.5139228571428572
